{
  "x" : 9.334499232126515,
  "y" : 1.9,
  "z" : 8.879345660602626,
  "yaw" : -2.760000000000014,
  "pitch" : -9.839999999999975
}